{
  "project_info": {
    "project_number": "797763268440",
    "project_id": "healthcarebd-76908",
    "storage_bucket": "healthcarebd-76908.firebasestorage.app"
  },
  "client": [
    {
      "client_info": {
        "mobilesdk_app_id": "1:797763268440:android:48ead84e8b3becce987f2d",
        "android_client_info": {
          "package_name": "com.example.healthcarebd"
        }
      },
      "oauth_client": [],
      "api_key": [
        {
          "current_key": "AIzaSyA6kHSOkNjYRWfDs27GQ21AnyAQKs9Dnc8"
        }
      ],
      "services": {
        "appinvite_service": {
          "other_platform_oauth_client": []
        }
      }
    }
  ],
  "configuration_version": "1"
}